id,question,predicted_prog,gold_program,predicted_ans,gold_ans,is_correct
0,what is the net change in net revenue during 2015 for entergy corporation?,"To calculate the net change in net revenue for Entergy Corporation from 2014 to 2015, we need to follow these steps:

Step 1: Identify the net revenue values for both years.
- 2014 net revenue: $5735 million
- 2015 net revenue: $5829 million

Step 2: Calculate the difference between the 2015 net revenue and the 2014 net revenue.
$5829 million - $5735 million = $94 million

Therefore, the net change in net revenue during 2015 for Entergy Corporation was an increase of $94 million.

Final Answer: The net change in net revenue during 2015 for Entergy Corporation was an increase of $94 million.","subtract(5829, 5735)",94.0,94.0,True
1,what percentage of total facilities as measured in square feet are leased?,"To calculate the percentage of total facilities that are leased, we need to follow these steps:

Step 1: Identify the total number of facilities.
Total facilities = 32.8 million

Step 2: Identify the number of facilities that are leased.
Leased facilities = 2.1 million

Step 3: Calculate the percentage of leased facilities relative to the total facilities.
Percentage leased = (Leased facilities / Total facilities) * 100
Percentage leased = (2.1 / 32.8) * 100 ≈ 6.4%

Therefore, approximately 6.4% of the total facilities are leased.

Final Answer: Approximately 6.4% of the total facilities are leased.","divide(8.1, 56.0)",6.4,0.14464,False
2,what is the percentage change in cash flow hedges in 2011 compare to the 2010?,"To determine the percentage change in cash flow hedges between 2011 and 2010, we need to follow these steps:

### Step 1: Identify the Cash Flow Hedges
From the given information, we can see two types of cash flow hedges:
- **Statement of Income Gain on Swaps**
- **Loss on Note**

### Step 2: Calculate the Percentage Change for Statement of Income Gain on Swaps
The statement of income gain on swaps shows a gain of $2014 in 2011 compared to $20692 in 2010.

Percentage change = [(New Value - Original Value) / Original Value] * 100

Original Value = $20692
New Value = $2014

Percentage change = [($2014 - $20692) / $20692] * 100
Percentage change = [-$20478 / $20692] * 100
Percentage change ≈ -95.3%

### Step 3: Calculate the Percentage Change for Loss on Note
The statement of income loss on notes shows a","subtract(153.7, 139.9), divide(#0, 139.9)",0.0,0.09864,True
3,what portion of total purchase price is related to stock awards?,"To determine what portion of the total purchase price is related to stock awards, we need to follow these steps:

### Reasoning Steps

1. **Identify the Total Purchase Price:**
   - The total purchase price provided in the context is given as $4187.8 million.

2. **Determine the Conversion Ratio for Stock Awards:**
   - It's mentioned that each issued and outstanding share of metavante common stock, par value $0.01 per share, was converted into 1.35 shares of fis common stock.
   - Therefore, the conversion ratio for stock awards is 1.35 shares per share.

3. **Calculate the Total Number of Shares Converted:**
   - To find out how many shares were converted from metavante common stock, we multiply the number of shares issued and outstanding by the conversion ratio:
     \[
     \text{Total Shares Converted} = \text{Shares Issued and Outstanding} \times \text{Conversion Ratio}
     \]
     \[
     \text{Total Shares Converted} = 121.4 \times 1.35 = 164.91
     \]

4. **Determine the Portion of the Total","divide(121.4, 4187.8)",4.0,0.02899,False
4,what was the difference in percentage cumulative total shareholder return on masco common stock versus the s&p 500 index for the five year period ended 2017?,"To calculate the difference in percentage cumulative total shareholder return between Masco Common Stock and the S&P 500 Index over the five-year period ending December 31, 2017, we need to follow these steps:

### Step 1: Calculate the Cumulative Total Shareholder Return for Each Year

For Masco Common Stock:
- 2013: $138.48
- 2014: $155.26
- 2015: $200.79
- 2016: $227.08
- 2017: $318.46

For the S&P 500 Index:
- 2013: $132.04
- 2014: $149.89
- 2015: $151.94
- 2016: $169.82
- 2017: $206.49

### Step 2: Calculate the Percentage Cumulative Total Shareholder Returns

#### Masco Common Stock:
\[ \text{","subtract(318.46, const_100), divide(#0, const_100), subtract(206.49, const_100), divide(#2, const_100), subtract(#1, #3)",2.0,1.1197,False
5,"what was the percentage change in total rental expense under operating leases from july 2 , 2005 to july 1 , 2006?","To calculate the percentage change in total rental expense under operating leases from July 2, 2005 to July 1, 2006, we need to follow these steps:

Step 1: Identify the values for each year.
- 2005: $92710000
- 2006: $100690000
- 2007: $56499000

Step 2: Calculate the difference between the two years.
$100690000 - $92710000 = $7980000

Step 3: Divide the difference by the value of the previous year (2005).
$7980000 / $92710000 ≈ 0.86

Step 4: Convert this decimal to a percentage by multiplying by 100.
0.86 * 100 = 86%

Therefore, the percentage change in total rental expense under operating leases from July 2, 2005 to July 1, 2006 is","subtract(92710000, 86842000), divide(#0, 86842000)",2006.0,0.06757,False
6,what percent of total recourse debt is current?,"To determine what percent of total recourse debt is current, we need to follow these steps:

Step 1: Identify the total amount of total recourse debt.
From the table, we can see that the total amount of total recourse debt is $4612 million.

Step 2: Identify the amount of total recourse debt at December 31, 2010.
From the table, we can see that the total amount of total recourse debt at December 31, 2010, is $4612 million.

Step 3: Calculate the percentage of total recourse debt that is current.
The formula to calculate the percentage is:
( Current Amount / Total Amount ) * 100

Plugging in the values from our data:
( $4612 / $4612) * 100 = 100%

Therefore, 100% of the total recourse debt is current.

Final Answer: 100%","divide(463, 4612)",100.0,0.10039,False
7,what percentage of future minimum rental payments are due in 2018?,"To determine what percentage of future minimum rental payments are due in 2018, we need to follow these steps:

### Step 1: Identify the relevant data from the table
From the table provided, we can see that the ""Future minimum rental payments"" column shows the amount of rent paid each year.

### Step 2: Extract the information about 2018
The value for 2018 is given as $258 million.

### Step 3: Calculate the percentage
To find the percentage of 2018's rent payment relative to the total rent payment over all years, we use the following formula:
\[ \text{Percentage} = \left( \frac{\text{Value for 2018}}{\text{Total Rent Payment}} \right) \times 100 \]

Substituting the values:
\[ \text{Percentage} = \left( \frac{258}{2575} \right) \times 100 \]

### Step 4: Perform the calculation
\[ \text{Percentage} = \left( \frac{258}{2575} \right) \times 100 \approx","divide(301, 2575)",100.0,0.11689,False
8,did altria outperform the s&p 500?,"To determine if Altria Group Inc. outperformed the S&P 500 over the given period, we need to analyze the data for each year:

Step 1: Identify the S&P 500 values for each year.
- December 2011: $100.00
- December 2012: $111.77
- December 2013: $143.69
- December 2014: $193.28
- December 2015: $237.92
- December 2016: $286.61

Step 2: Compare these values with Altria's share price in each year.
- December 2011: $100.00
- December 2012: $111.77
- December 2013: $143.69
- December 2014: $193.28
- December 2015: $237.92
- December 2016: $28","greater(286.61, 198.09)",28.0,1.0,False
9,what was the change in unrecognized tax benefits from the end of 2014 to the end of 2015?,"To determine the change in unrecognized tax benefits from the end of 2014 to the end of 2015, I'll follow these steps:

Step 1: Identify the relevant data points.
- The table shows the balance at the end of each year.

Step 2: Calculate the difference between the balances for 2015 and 2014.
Balance January 1, 2015: $1171 million
Balance December 31, 2015: $1136 million

Change = Balance December 31, 2015 - Balance January 1, 2015
= $1136 million - $1171 million
= -$35 million

Therefore, there was an increase of $35 million in unrecognized tax benefits from the end of 2014 to the end of 2015.

Final numerical answer: $35 million","subtract(1136, 1171)",35.0,-35.0,False
10,what is the growth rate in the balance of standby letters of credit from 2006 to 2007?,"To calculate the growth rate of the balance of standby letters of credit from 2006 to 2007, we need to follow these steps:

Step 1: Identify the values for both years.
For 2006: Standby Letters of Credit = $4,926 million
For 2007: Standby Letters of Credit = $4,711 million

Step 2: Calculate the difference between the two years.
$4,711 - $4,926 = -$215 million

Step 3: Determine if this value represents an increase or decrease.
Since the result is negative, it indicates a decrease.

Step 4: Calculate the growth factor.
Growth Factor = (Current Value / Previous Value) x 100%
Growth Factor = ($4,711 / $4,926) x 100% ≈ 95.04%

Final Answer: The growth rate in the balance of standby letters of credit from 2006 to 2007 was approximately 95.04%. This means that the number of standby letters of credit decreased by about 5.04%","subtract(4711, 4926), divide(#0, 4926)",5.04,-0.04365,False
11,what is the debt-to-asset ratio?,"To calculate the debt-to-assets ratio, we need to follow these steps:

Step 1: Identify the total debt and total assets.
From the table, we can see that the total debt includes both long-term debt and short-term debt. The long-term debt is listed as $817,388 thousand, while the short-term debt is listed as $281,546 thousand.

Step 2: Calculate the total debt.
Total debt = Long-term debt + Short-term debt
Total debt = $817,388 thousand + $281,546 thousand
Total debt = $1,098,934 thousand

Step 3: Calculate the total assets.
Total assets = Total debt + Inventories
Total assets = $1,098,934 thousand + $917,491 thousand
Total assets = $1,916,425 thousand

Step 4: Calculate the debt-to-assets ratio.
Debt-to-assets ratio = Total debt / Total assets
Debt-to-assets ratio = $1,098,934 thousand / $1,916,425 thousand
Debt-to-assets","divide(817388, 3644331)",1916425.0,0.22429,False
12,what portion of the total noncancelable future lease commitments are due in fiscal year of 2019?,"To determine what portion of the total non-cancelable future lease commitments is due in fiscal year 2019, we need to follow these steps:

### Step 1: Identify the relevant data for fiscal year 2019
From the table provided, we can see that the ""operating leases"" column shows values for fiscal years 2019, 2020, and 2021.

### Step 2: Calculate the total amount for fiscal year 2019
The ""operating leases"" row shows the following amounts:
- Fiscal 2019: $137.4 million

### Step 3: Determine the portion of the total that corresponds to fiscal year 2019
Since the ""operating leases"" column shows a value of $137.4 million for fiscal year 2019, this represents 100% of the total non-cancelable future lease commitments for that year.

Therefore, the portion of the total non-cancelable future lease commitments due in fiscal year 2019 is **100%**.

Final Answer: 100%","divide(137.4, 559.3)",0.0,0.24566,False
13,was the five year total return of the 2019 peer group greater than the 2018 peer group?,"To determine if the five-year total return of the 2019 peer group was greater than the 2018 peer group, we need to calculate the total returns for both years and compare them.

### Step 1: Calculate the Total Return for 2019 Peer Group

The 2019 peer group's data shows:
- 2019: 231.36
- 2018: 240.29

Total return = (2019 value + 1) / 2019 value - 1
= (231.36 + 1) / 231.36 - 1
= 232.36 / 231.36 - 1
≈ 0.9999 or 99.99%

### Step 2: Calculate the Total Return for 2018 Peer Group

The 2018 peer group's data shows:
- 2018: 166.15
- 2019: 224.73

Total return = (2018 value","greater(281.09, 286.22)",2018.0,0.0,False
14,what was the percentage change in deferred tax assets and regulatory assets from 2013 to 2014,"To calculate the percentage change in deferred tax assets and regulatory assets from 2013 to 2014, we need to follow these steps:

### Step 1: Identify the values for each year
- **Balance at December 31, 2013**: $17,794,700
- **Balance at December 31, 2014**: $19,523,700

### Step 2: Calculate the difference between the two years
\[ \text{Difference} = \$19,523,700 - \$17,794,700 = \$1,729,000 \]

### Step 3: Determine the number of years between the two years
The time period from 2013 to 2014 is 1 year.

### Step 4: Calculate the percentage change
The formula to calculate the percentage change is:
\[ \text{Percentage Change} = \left( \frac{\text{New Value} - \text{Old Value}}{\text{Old Value}} \right) \times 100\% \]

Substitute the","subtract(6348, 6241), divide(#0, 6241)",100.0,0.01714,False
15,"what was the average net annual change in discounted future net cash flows ( in millions ) for the years 2011 , 2010 , and 2009?","To calculate the average net annual change in discounted future net cash flows over the years 2011, 2010, and 2009, we need to follow these steps:

Step 1: Identify the values for each year.
- 2011: $4648 million
- 2010: $3625 million
- 2009: $1620 million

Step 2: Sum up all the values.
$4648 + $3625 + $1620 = $9893 million

Step 3: Divide the total sum by the number of years (which is 3).
$9893 / 3 = $3297 million

Therefore, the average net annual change in discounted future net cash flows over the years 2011, 2010, and 2009 is $3297 million.

Final Answer: The average net annual change in discounted future net cash flows for the years 2011, 2010, and 2009 is $3297 million.","table_average(net change for the year, none)",3297.0,3297.66667,False
16,"assuming each continent has the same number of destinations , approximately how many destinations does each continent have?","To determine the approximate number of destinations per continent based on the given information, we need to follow these steps:

### Reasoning Steps

1. **Identify the Total Number of Destinations**:
   - The total number of ships across all continents is given as 30.

2. **Determine the Distribution of Ships Across Continents**:
   - We know that there are 7 continents in total.
   - Since the total number of ships is 30, we can divide this by the number of continents to find out how many ships each continent receives.

3. **Calculate the Number of Ships per Continent**:
   - \( \text{Number of ships per continent} = \frac{\text{Total number of ships}}{\text{Number of continents}} \)
   - \( \text{Number of ships per continent} = \frac{30}{7} \)

4. **Perform the Division**:
   - \( \text{Number of ships per continent} = 4.2857 \)

5. **Interpret the Result**:
   - Since the number of ships must be an integer, we round down to the nearest whole number because you can't have a fraction of a destination ship.
   -","divide(455, const_7)",0.0,65.0,False
17,what was the average net revenue between 2016 and 2017 in millions,"To calculate the average net revenue between 2016 and 2017, we need to follow these steps:

Step 1: Identify the net revenue values for both years.
- 2016 net revenue: $705.4 million
- 2017 net revenue: $703.1 million

Step 2: Calculate the difference between the two years' net revenues.
$705.4 million - $703.1 million = $2.3 million

Step 3: Divide the difference by 2 to find the average.
($2.3 million) / 2 = $1.15 million

Therefore, the average net revenue between 2016 and 2017 was $1.15 million.

Final Answer: The average net revenue between 2016 and 2017 was $1.15 million.","add(703.1, 705.4), add(#0, const_2), divide(#1, const_2)",1.15,705.25,False
18,the combined amount of accrued interest and penalties related to tax positions taken on our tax returns and included in non-current income taxes payable was what percent of the total ending balance as of november 28 2008?,"To determine the percentage of the total ending balance as of November 28, 2008 that is accrued interest and penalties related to tax positions, we need to follow these steps:

### Step 1: Identify the relevant data from the table
From the given table, we can see the following information:
- Gross increases in unrecognized tax benefits for 2013: $14,009
- Gross increases in unrecognized tax benefits for 2013 current year tax positions: $11,350
- Settlements with taxing authorities: -$81,213
- Lapse of statute of limitations: -$35,120
- Foreign exchange gains and losses: -$28,930

### Step 2: Calculate the total increase in unrecognized tax benefits
Total increase = Gross increases + Settlements with taxing authorities + Lapse of statute of limitations + Foreign exchange gains and losses
Total increase = $14,009 + $11,350 + (-$81,213) + (-$35,120) + (-$28,930)
Total increase = $14,009 +","divide(139549, const_1000), divide(15.3, #0)",0.0,0.10964,False
19,"in 2010 and 2009 , what was the total fair value in billions of assets segregated for the benefit of securities and futures brokerage customers?","To determine the total fair value in billions of assets segregated for the benefit of securities and futures brokerage customers in 2010 and 2009, we need to follow these steps:

### Step 1: Identify the relevant data from the table

From the given table, we can see the following information:

- **U.S.**:
  - Year Ended December 31 (in millions): $16,568 million
  - Non-U.S. (a): $8,291 million
  - Income Before Incometax Expense/Benefit and Extraordinary Gain: $24,859 million

### Step 2: Calculate the total fair value in billions of assets segregated for U.S. customers

The total fair value in billions of assets segregated for U.S. customers is calculated as follows:

\[ \text{Total Fair Value} = \frac{\text{Income Before Incometax Expense/Benefit and Extraordinary Gain}}{\text{Non-U.S. (a)}} \]

Substituting the values:

\[ \text{Total Fair Value} = \frac{24,859}{8,291} \approx 3 \text{ billion dollars}","add(25.0, 24.0), add(9.7, 10.2), add(#1, #0)",0.0,68.9,False
20,what was the percentage change in the commercial mortgage loans designated for sale at fair value from 2008 to 2009,"To calculate the percentage change in the commercial mortgage loans designated for sale at fair value from 2008 to 2009, I'll follow these steps:

Step 1: Identify the values for each year.
- 2008: Commercial mortgages at fair value = $772 million
- 2009: Commercial mortgages at fair value = $843 million

Step 2: Calculate the difference between the two years.
$843 - $772 = $71 million

Step 3: Divide the difference by the original value (2008) to get the ratio.
$71 / $772 ≈ 0.091

Step 4: Convert the decimal to a percentage by multiplying by 100.
0.091 * 100 = 9.1%

Therefore, the percentage change in the commercial mortgage loans designated for sale at fair value from 2008 to 2009 is approximately 9.1%.

Final numerical answer: 9.1%","subtract(772, 843), divide(#0, 843)",9.1,-0.08422,False
21,"what was the difference in percentage cumulative 5-year total shareholder return on common stock fidelity national information services , inc . compared to the s&p 500 for the period ending 12/16?","To calculate the difference in percentage cumulative 5-year total shareholder return on common stock between Fidelity National Information Services Inc. and the S&P 500 for the period ending December 16, I'll follow these steps:

Step 1: Calculate the cumulative 5-year total shareholder return for both companies.
For Fidelity National Information Services Inc.:
- Cumulative 5-year total shareholder return = 100% + 134.12% + 210.97% + 248.68% + 246.21% + 311.81%
= 1218.59%

For the S&P 500:
- Cumulative 5-year total shareholder return = 100% + 116.00% + 153.58% + 174.60% + 177.01% + 198.18%
= 840.47%

Step 2: Calculate the difference in percentage.
Difference = (Fidelity's return - S&P 500's return) / Fidelity's return * 1","subtract(198.18, const_100), divide(#0, const_100), subtract(311.81, const_100), divide(#2, const_100), subtract(#3, #1)",1.0,1.1363,False
22,for the quarter ended march 312015 what was the percentage change in the share price from the highest to the lowest,"To calculate the percentage change in share price from the highest to the lowest for the quarter ended March 31, 2015, we need to follow these steps:

Step 1: Identify the highest and lowest share prices for this period.
- Highest share price: $101.88
- Lowest share price: $93.21

Step 2: Calculate the difference between the highest and lowest share prices.
$101.88 - $93.21 = $8.67

Step 3: Divide the difference by the lowest share price.
$8.67 / $93.21 ≈ 0.092

Step 4: Convert the result to a percentage by multiplying by 100.
0.092 * 100 = 9.2%

Therefore, the percentage change in share price from the highest to the lowest for the quarter ended March 31, 2015 was approximately 9.2%.

Final numerical answer: 9.2%","subtract(101.88, 93.21), divide(#0, 93.21)",9.2,0.09302,False
23,of the total contractual obligations and off-balance sheet arrangements contractual obligations what percentage is due to capital lease obligations?,"To determine the percentage of total contractual obligations and off-balance sheet arrangements that is due to capital lease obligations, I'll follow these steps:

Step 1: Identify the total amount for each category.
Total amounts for each category are as follows:
- Debt (1): $13208 million
- Capital Lease Obligations (1): $230 million
- Operating Leases Where We Are the Primary Obligor: $2073 million
- Purchase Obligations: $286 million
- Other Noncurrent Liabilities: $136 million

Step 2: Calculate the total amount for all categories.
$13208 + $230 + $2073 + $286 + $136 = $16000 million

Step 3: Determine the percentage of total obligations due to capital lease obligations.
Percentage = (Amount due to capital lease obligations / Total amount) * 100
= ($230 / $16000) * 100
≈ 1.46%

Therefore, approximately 1.46% of total contractual obligations and off-balance sheet arrangements are due to capital lease obligations.

","divide(230, 13208)",0.0,0.01741,True
24,what is the ratio of the total flight attendants to total maintenance personnel,"To find the ratio of the total flight attendants to the total maintenance personnel, we need to follow these steps:

Step 1: Identify the values for each category.
- Total Flight Attendants: 24700
- Total Maintenance Personnel: 14900

Step 2: Calculate the ratio by dividing the total flight attendants by the total maintenance personnel.
Ratio = Total Flight Attendants / Total Maintenance Personnel
= 24700 / 14900

Step 3: Simplify the fraction if possible.
The greatest common divisor (GCD) of 24700 and 14900 is 10.

Step 4: Divide both the numerator and denominator by their GCD.
24700 ÷ 10 = 2470
14900 ÷ 10 = 1490

Therefore, the simplified ratio is 2470 : 1490.

Final numerical answer: The ratio of the total flight attendants to the total maintenance personnel is approximately 2470:1490.","divide(26900, 16900)",0.0,1.59172,False
25,as of december 2007 what was the ratio of the square footage in alpharetta georgia to charlotte north carolina,"To calculate the ratio of the square footage in AlphaRTA Georgia to Charlotte North Carolina, we need to follow these steps:

Step 1: Identify the square footage values for both locations.
- AlphaRTA Georgia: 21,9000 sq ft
- Charlotte North Carolina: 8,3000 sq ft

Step 2: Calculate the ratio by dividing the AlphaRTA Georgia value by the Charlotte North Carolina value.
Ratio = AlphaRTA Georgia / Charlotte North Carolina
Ratio = 21,9000 / 8,3000

Step 3: Simplify the fraction if possible.
The ratio can be simplified by dividing both numbers by their greatest common divisor (GCD). The GCD of 21,9000 and 8,3000 is 100.

Simplified Ratio = (21,9000 ÷ 100) / (8,3000 ÷ 100)
Simplified Ratio = 219 / 830

Step 4: Perform the division.
219 ÷ 830 ≈ 0.265

Therefore, the ratio of","divide(219000, 83000)",0.0,2.63855,False
26,in 2010 what was the percent of the income tax benefit to the stock based compensation cost,"To determine the percentage of the income tax benefit to the stock-based compensation cost in 2010, we need to follow these steps:

### Step 1: Identify the relevant data from the table
From the table provided, we can see the following information:
- Share-based compensation cost in 2010: $18.1 million
- Income tax benefit in 2010: -$6.3 million

### Step 2: Calculate the ratio of income tax benefit to share-based compensation cost
The formula to calculate this ratio is:
\[ \text{Ratio} = \frac{\text{Income Tax Benefit}}{\text{Share-Based Compensation Cost}} \]

Substituting the given values:
\[ \text{Ratio} = \frac{-6.3}{18.1} \approx -0.357 \]

### Step 3: Convert the ratio to a percentage
To convert the ratio to a percentage, multiply by 100:
\[ \text{Percentage} = -0.357 \times 100 \approx -35.7\% \]

### Final Answer:
In 2010, the income tax benefit was approximately **-35","divide(6.3, 18.1)",35.0,0.34807,False
27,what is the percentage change in the the gross liability for unrecognized tax benefits during 2008 compare to 2007?,"To calculate the percentage change in the gross liability for unrecognized tax benefits from 2007 to 2008, we need to follow these steps:

Step 1: Identify the gross increase in unrecognized tax benefits for each year.
- 2007: 14,009
- 2008: -8,1213

Step 2: Calculate the difference between the two years.
- Difference = 2008 value - 2007 value = -6,1213

Step 3: Divide the difference by the 2007 value.
- Percentage change = (-6,1213) / 14,009 ≈ -0.43%

Therefore, the gross liability for unrecognized tax benefits decreased by approximately 43% from 2007 to 2008.

Final numerical answer: The gross liability for unrecognized tax benefits decreased by approximately 43%.","subtract(139549, 201808), divide(#0, 201808)",43.0,-0.30851,False
28,what was the total impairment costs recorded from 2003 to 2005 in millions,"To determine the total impairment costs recorded from 2003 to 2005, we need to follow these steps:

Step 1: Identify the relevant data points.
The relevant data is provided in the ""pre-opening costs"" column of the table.

Step 2: Calculate the total impairment costs for each year.
For 2003:
Total impairment costs = $20 million (land improvements) + $39 - $40 (impaired buildings) + $3 - $10 (impaired furniture fixtures and equipment)
Total impairment costs = $20 million + $39 - $40 + $3 - $10
Total impairment costs = $20 million + $39 - $40 + $3 - $10
Total impairment costs = $20 million + $39 - $40 + $3 - $10
Total impairment costs = $20 million + $39 - $40 + $3 - $10
Total impairment costs = $20 million + $39 - $40 + $3 - $10
Total impairment costs = $20 million + $39 - $40 + $3 - $1","add(0.6, 0.5), add(#0, 4.7)",1.0,5.8,False
29,"what is the borrowing under the term loan facility as a percentage of the total contractual maturities of long-term debt obligations due subsequent to december 31 , 2016?","To calculate the borrowing under the term loan facility as a percentage of the total contractual maturities of long-term debt obligations due subsequent to December 31, 2016, I'll follow these steps:

Step 1: Identify the total contractual maturities.
From the table, we can see that the total contractual maturities of long-term debt obligations due subsequent to December 31, 2016, are $485.

Step 2: Calculate the percentage.
The formula to find the percentage is:
(Percentage = (Total Maturity / Total Debt) * 100)

Plugging in the values from Step 1:
(Percentage = ($485 / $15) * 100)
= 32.33%

Therefore, the borrowing under the term loan facility is approximately 32.33% of the total contractual maturities of long-term debt obligations due subsequent to December 31, 2016.

Final Answer: The borrowing under the term loan facility is approximately 32.33%.","divide(3500, 3081)",32.33,1.13599,False
30,in 2015 what was the percent of the total operating revenues associated with agriculture products,"To determine the percentage of the total operating revenues associated with agriculture products in 2015, follow these steps:

Step 1: Identify the relevant data from the table.
- Agriculture products: $3581 million in 2015
- Total operating revenues: $21813 million in 2015

Step 2: Calculate the ratio of agriculture products' revenue to total operating revenues.
\[
\text{Ratio} = \frac{\text{Agriculture products' revenue}}{\text{Total operating revenues}} = \frac{3581}{21813}
\]

Step 3: Simplify the fraction or convert it to a decimal for easier calculation.
\[
\frac{3581}{21813} \approx 0.1605
\]

Step 4: Convert this decimal to a percentage by multiplying by 100.
\[
0.1605 \times 100 \approx 16.05\%
\]

Therefore, the percentage of the total operating revenues associated with agriculture products in 2015 was approximately **16.05%**.","divide(3581, 21813)",16.05,0.16417,False
31,what percent of net interest revenue where total operating expenses in 2009?,"To determine what percentage of net interest revenue is represented by total operating expenses in 2009, I'll follow these steps:

Step 1: Identify the relevant data points.
- Net interest revenue: $3173 million
- Total operating expenses: $896 million

Step 2: Calculate the percentage.
The formula to calculate the percentage is:
\[ \text{Percentage} = \left( \frac{\text{Value}}{\text{Reference Value}} \right) \times 100 \]

In this case:
\[ \text{Percentage} = \left( \frac{3173}{896} \right) \times 100 \]
\[ \text{Percentage} = 36.5\% \]

Therefore, the net interest revenue represents approximately 36.5% of total operating expenses in 2009.

Final numerical answer: 36.5%","divide(896, 3173)",36.5,0.28238,False
32,"what was the greatest provision for income taxes , in millions?","To determine the greatest provision for income taxes, I'll follow these steps:

Step 1: Identify the column containing the provision for income taxes.
The column labeled ""provision for income taxes"" appears twice in the table.

Step 2: Find the value in the first occurrence of this column.
In the second row under the ""provision for income taxes"" column, we see the value of $829 million.

Step 3: Compare the values in all other columns.
There are no other occurrences of the same column in the table.

Therefore, the greatest provision for income taxes is $829 million.

Final Answer: The greatest provision for income taxes was $829 million.","table_max(provision for income taxes, none)",0.0,829.0,False
33,in 2018 what was the percent of the cib markets net interest income as part of the managed interest income,"To determine the percentage of CIB Markets Net Interest Income as part of Managed Interest Income in 2018, we need to follow these steps:

Step 1: Identify the relevant data from the table.
We need to look at the row labeled ""managed basis"" for both 2018 and 2017.

Step 2: Find the value for CIB Markets Net Interest Income in 2018.
In 2018, the CIB Markets Net Interest Income is given as $52,600 million.

Step 3: Find the value for CIB Markets Net Interest Income in 2017.
In 2017, the CIB Markets Net Interest Income is given as $46,780 million.

Step 4: Calculate the percentage of CIB Markets Net Interest Income as part of Managed Interest Income.
The formula to calculate this is:
(Managed Basis Value / Total Managed Basis) * 100

For 2018:
(52,600 / 52,600) * 100 = 100%

For 2017:
(46,780 / ","divide(3087, 55687)",46780.0,0.05543,False
34,"what would the fair value of total securities available for sale be without the fair value of securities classified as corporate stocks as of december 31 , 2012?","To determine the fair value of total securities available for sale without considering the fair value of securities classified as corporate stocks, we need to follow these steps:

### Step 1: Identify Securities Available for Sale
From the given table, we can see that the total securities available for sale is $598,010 million.

### Step 2: Identify Securities Classified as Corporate Stocks
The table shows that there are two securities classified as corporate stocks:
- Total securities available for sale (A): $598,010 million
- Total securities held to maturity: $124,500 million

### Step 3: Calculate Fair Value of Corporate Stocks
We need to find the fair value of the corporate stocks from the table.
- Corporate stocks: $124,500 million

### Step 4: Subtract the Fair Value of Corporate Stocks from Total Securities Available for Sale
Now, subtract the fair value of the corporate stocks from the total securities available for sale to get the fair value of the remaining securities.

\[ \text{Fair value of total securities available for sale} = \text{Total securities available for sale} - \text{Fair value of corporate stocks} \]

\[ \text{Fair value","subtract(61912, 367)",0.0,61545.0,False
35,"assuming the same level of settlements as in fiscal 2007 , what would be the ending balance at march 31 2008 in millions for unrecognized tax benefits?\\n","To determine the ending balance of unrecognized tax benefits for March 31, 2008, we need to follow these steps:

### Reasoning Steps:

1. **Identify the relevant information from the given table:**
   - The table shows the balance at April 1, 2007 ($224) and the reduction in reductions for tax positions due to the expiration of the statute of limitations.
   
2. **Determine the impact of the reduction:**
   - The reduction in reductions for tax positions due to the expiration of the statute of limitations was -56 (56).
   - This means that the company had to reduce its tax obligations by $56.

3. **Calculate the new balance after the reduction:**
   - Original balance at April 1, 2007 = $224
   - Reduction in reductions = -$56
   - New balance = Original balance - Reduction in reductions
   - New balance = $224 - (-$56)
   - New balance = $224 + $56
   - New balance = $280

4. **Consider the implications for future years:**
   - The context states that the company","subtract(168, 56)",4.0,112.0,False
36,"as of december 2012 what is the percent of the square footage not leased to the total square footage in alpharetta , georgia","To calculate the percentage of the square footage not leased to the total square footage in Alpharetta, Georgia, we need to follow these steps:

Step 1: Identify the total square footage in Alpharetta, Georgia.
The table shows that the approximate square footage in Alpharetta is 25,400 square feet.

Step 2: Identify the square footage that is not leased to the total square footage.
From the context provided, it states that ""all facilities are leased, except for 16,500 square feet of our office in Alpharetta, Georgia.""

Step 3: Calculate the percentage of the square footage not leased.
To do this, we divide the square footage not leased (16,500 square feet) by the total square footage (25,400 square feet), and then multiply by 100 to get the percentage.

(16,500 / 25,400) * 100 = 63.8%

Therefore, as of December 2012, 63.8% of the square footage in Alpharetta, Georgia is not leased to the total square footage.","divide(165000, 254000)",0.0,0.64961,False
37,as of december 2007 what was the percent of the square footage in alpharetta georgia not yet leased,"To determine the percentage of the square footage in Alpharetta Georgia not yet leased as of December 2007, we need to follow these steps:

Step 1: Identify the total square footage in Alpharetta.
Alpharetta's approximate square footage is given as 21,9000 square feet.

Step 2: Determine how many square feet were not yet leased.
The problem states that 16,600 square feet of the property have been sublet or part of a facility restructuring.

Step 3: Calculate the percentage of the square footage that is not yet leased.
Percentage = (Number of square feet not yet leased / Total square footage) * 100

Step 4: Plug in the values.
Percentage = (16,600 / 21,9000) * 100

Step 5: Simplify the fraction.
16,600 / 21,9000 simplifies to approximately 0.0744.

Step 6: Convert the decimal to a percentage.
0.0744 * 100 ≈ 7.44%

Therefore, the percentage of the square","divide(166000, 219000)",0.0,0.75799,False
38,"what is the total amount of stock options cancelled in millions during 2017 , 2016 and 2015?","To determine the total amount of stock options cancelled in millions for each year from 2017, 2016, and 2015, I'll follow these steps:

Step 1: Identify the relevant data in the table.
The table shows the number of common shares repurchased for each year.

Step 2: Calculate the total number of common shares repurchased for each year.
For 2017: 29 million
For 2016: 36.6 million
For 2015: 22.1 million

Step 3: Convert the number of shares into millions.
29 million = 29,000,000
36.6 million = 36,600,000
22.1 million = 22,100,000

Step 4: Sum up the total number of common shares repurchased across all years.
Total repurchased = 29,000,000 + 36,600,000 + 22,100,000 = 87,700,000","add(4.6, 5.5), add(#0, const_2)",87700000.0,12.1,False
39,"in 2004 and 2003 , what were the total shares of common stock that were issued to employees?","To determine the total number of shares of common stock issued to employees in 2004 and 2003, we need to follow these steps:

### Reasoning Steps

1. **Identify the relevant information:**
   - The table shows the issuance of shares for two specific periods: 2004 and 2003.

2. **Extract the relevant data:**
   - For 2004: The table states ""as of december 31, 2004""
   - For 2003: The table also states ""as of december 31, 2003""

3. **Calculate the total shares issued:**
   - We need to add up all the shares issued in both years.
   - From the table, we can see that the total number of shares is given as $177,973.

### Final Answer

The total number of shares of common stock issued to employees in 2004 and 2003 was $177,973.","add(1939734, 1937141)",177973.0,3876875.0,False
40,what is the net change in net revenue for entergy wholesale commodities during 2012?,"To determine the net change in net revenue for Entergy Wholesale Commodities from 2011 to 2012, we need to follow these steps:

Step 1: Identify the net revenue values for both years.
- 2011 net revenue: $2045 million
- 2012 net revenue: $1854 million

Step 2: Calculate the difference between the 2012 net revenue and the 2011 net revenue.
$1854 million - $2045 million = -$191 million

Step 3: Interpret the result.
The negative value indicates that the net revenue decreased from 2011 to 2012.

Therefore, the net change in net revenue for Entergy Wholesale Commodities during 2012 was a decrease of $191 million.

Final Answer: The net change in net revenue for Entergy Wholesale Commodities during 2012 was a decrease of $191 million.","subtract(1854, 2045)",191.0,-191.0,False
41,what was the difference in percentage cumulative total return for goldman sachs group inc . and the s&p 500 index for the five year period ending 12/31/13?,"To calculate the difference in percentage cumulative total return between Goldman Sachs Group Inc. (GSI) and the S&P 500 Index for the five-year period ending December 31, 2013, we need to follow these steps:

### Step 1: Calculate the Cumulative Total Returns

#### GSI Cumulative Total Return
| Year | GSI Cumulative Total Return |
|------|--------------------------------|
| 2019  | 100% - 100.00 = -0.00%       |

#### S&P 500 Index Cumulative Total Return
| Year | S&P 500 Index Cumulative Total Return |
|------|----------------------------------|
| 2019  | 100% - 130.93 = -30.93%        |

### Step 2: Calculate the Percentage Difference

The percentage difference is calculated using the formula:
\[ \text{Percentage Difference} = \left( \frac{\text{GSI Cumulative Total Return}}{\text{S&P 500 Index Cumulative Total Return}} \right) \times 100\% \]

Substitute the values","subtract(248.36, const_100), divide(#0, const_100), subtract(236.20, const_100), divide(#2, const_100), subtract(#1, #3)",100.0,0.1216,False
42,"as of december 31 , 2017 what was the value of the granted share awards","To determine the value of the granted share awards as of December 31, 2017, we need to follow these steps:

### Step 1: Identify the Grant Date for Granted Shares
The given data shows that the ""granted"" column indicates the number of shares awarded.

### Step 2: Determine the Fair Value of Each Award
We can see that the ""weighted-average grant-date fair value"" column provides this information.

### Step 3: Calculate the Fair Value for Each Award
From the provided data:
- The ""number of performance share awards"" is 160,196.
- The ""weighted-average grant-date fair value"" is $58.02.

### Step 4: Apply the Fair Value to the Awards
To find the total value of the granted share awards as of December 31, 2017, we multiply the number of awards by their respective fair values:

\[ \text{Total value} = (\text{Number of awards}) \times (\text{Fair value per award}) \]

\[ \text{Total value} = 160,196 \times 58.02 \]

### Step 5: Perform the Multiplication","multiply(160196, 58.02)",5.0,9294571.92,False
43,what percent of total contractual obligations is categorized as long term debt?,"To determine what percent of total contractual obligations is categorized as long-term debt, I'll follow these steps:

Step 1: Identify the total amount of contractual obligations.
The total amount of contractual obligations is given as $1020.1 million.

Step 2: Identify the amount of long-term debt.
Long-term debt is listed under ""long-term debt"" in the table.

Step 3: Calculate the percentage.
To find the percentage of long-term debt relative to the total contractual obligations, we use the formula:
\[ \text{Percentage} = \left( \frac{\text{Amount of Long-Term Debt}}{\text{Total Contractual Obligations}} \right) \times 100 \]

Substitute the values from the table:
\[ \text{Percentage} = \left( \frac{149.3}{1020.1} \right) \times 100 \]

Step 4: Perform the calculation.
\[ \text{Percentage} = 0.147 \times 100 = 14.7\% \]

Therefore, the long-term debt category accounts for approximately 14.7% of the total contractual obligations.

Final numerical answer","divide(460.1, 1020.1)",14.7,0.45103,False
44,what was the average cash flow from 2004 to 2006,"To calculate the average cash flow from 2004 to 2006, I'll follow these steps:

Step 1: Identify the relevant data points.
The data shows cash flow values for each year from 2004 to 2006.

Step 2: Sum up all the cash flows.
$957.4 + $769.1 + $950.4 = $2,776.9 million

Step 3: Count the number of years.
There are 4 years between 2004 and 2006.

Step 4: Calculate the average.
Average cash flow = Total sum / Number of years
Average cash flow = $2,776.9 / 4
Average cash flow = $694.225 million

Therefore, the average cash flow from 2004 to 2006 was approximately $694.225 million.","add(957.4, 769.1), add(950.4, #0), divide(#1, const_3)",694.225,892.3,False
45,"what is the total value of securities issued and approved by security holders , ( in millions ) ?","To calculate the total value of securities issued and approved by security holders, we need to follow these steps:

Step 1: Identify the relevant data from the table.
The relevant data is found in the ""Equity Compensation Plans Approved by Security Holders"" row.

Step 2: Extract the values for the weighted-average exercise price and the number of securities remaining available for future issuance.
From this row, we can see:
Weighted-average exercise price = $40.85 million
Number of securities remaining available for future issuance = 894,569,400

Step 3: Calculate the total value of securities issued and approved by security holders.
Total value = Weighted-average exercise price × Number of securities remaining available for future issuance
Total value = $40.85 million × 894,569,400
Total value = $3,560,000,000,000

Therefore, the total value of securities issued and approved by security holders is **$3,560,000,000,000**.","multiply(766801, 40.85), divide(#0, const_1000000)",3560000000000.0,31.32382,False
46,what is the percentage change in revenue generated from non-us currencies from 2015 to 2016?,"To calculate the percentage change in revenue generated from non-US currencies from 2015 to 2016, we need to follow these steps:

Step 1: Identify the revenue values for each currency category.
- Pounds Sterling: $42 million
- Euros: $35 million
- Real: $39 million
- Indian Rupee: $14 million

Step 2: Calculate the total revenue for each year.
- Total Revenue 2015 = $42 million + $39 million + $14 million = $95 million
- Total Revenue 2016 = $47 million + $38 million + $12 million = $97 million
- Total Revenue 2017 = $34 million + $33 million + $10 million = $77 million

Step 3: Determine the difference between the highest and lowest revenue values.
Difference = Highest - Lowest = $97 million - $95 million = $2 million

Step 4: Divide the difference by the lowest value to find the percentage change.
Percentage Change = (Difference / Lowest) * 100%
Percentage Change = ($2 million / $95","subtract(1909, 1336), divide(#0, 1336)",0.0,0.42889,False
47,what was the percentage decrease in cash flows from operations from 2009 to 2010?,"To calculate the percentage decrease in cash flows from operations from 2009 to 2010, follow these steps:

Step 1: Identify the cash flows for each year.
- 2009: $559.7 million
- 2010: $515.2 million

Step 2: Calculate the difference between the two years.
$515.2 million - $559.7 million = -$44.5 million

Step 3: Divide the difference by the 2009 value.
-$44.5 million / $559.7 million = -0.081

Step 4: Convert this decimal to a percentage by multiplying by 100.
-0.081 * 100 = -8.1%

Therefore, the percentage decrease in cash flows from operations from 2009 to 2010 is approximately -8.1%.

Final numerical answer: The percentage decrease in cash flows from operations from 2009 to 2010 is -8.1%.","subtract(559.7, 515.2), divide(#0, 559.7)",-8.1,0.07951,False
48,what percentage of the total carrying amount of investment securities is the securities held to maturity?,"To calculate the percentage of the total carrying amount of investment securities that is held to maturity, we need to follow these steps:

Step 1: Identify the total carrying amount of investment securities.
The total carrying amount is given as $610,18 million.

Step 2: Identify the total carrying amount of securities held to maturity.
This can be found in the ""total securities held to maturity"" row under the ""amortized cost"" column.

Step 3: Calculate the percentage.
The formula to find the percentage is:
\[ \text{Percentage} = \left( \frac{\text{Total Carrying Amount}}{\text{Total Carrying Amount of Securities Held to Maturity}} \right) \times 100 \]

Substitute the values from our data:
\[ \text{Percentage} = \left( \frac{610,18}{610,18} \right) \times 100 \]
\[ \text{Percentage} = 1 \times 100 \]
\[ \text{Percentage} = 100\% \]

Therefore, the percentage of the total carrying amount of investment securities that is held to maturity is 100%.","divide(10.4, 61.4), multiply(#0, const_100)",100.0,16.93811,False
49,for the quarter ended 12/29/2018 what was the percent of the total shares bought after 11/25/2018,"To determine the percentage of total shares bought after 11/25/2018, we need to follow these steps:

### Step 1: Identify the relevant data points
- From the table, we can see the following information:
  - Shares purchased on 11/25/18: 20,500
  - Total shares purchased: 63,000
  - Shares purchased after 11/25/18: 20,500 (which is the same as the previous year's purchase)
  - Average price per share: $160.20
  - Approximate value of shares that may yet be purchased: $215.7 million

### Step 2: Calculate the number of shares purchased in 2018
Since the total shares purchased were 63,000, and 20,500 of those were purchased in 2018, the remaining shares were purchased in 2017.

### Step 3: Determine the percentage of total shares bought after 11/25/18
The percentage of total shares bought after 11/2","divide(205000, 630000)",2.0,0.3254,False
50,what was the percentage change in cash flows from operations from 2014 to 2015?,"To calculate the percentage change in cash flows from operations from 2014 to 2015, we need to follow these steps:

Step 1: Identify the relevant data points.
From the table, we can see that there is no specific data point provided for cash flows from operations between 2014 and 2015.

Step 2: Determine if any data exists for this period.
The table only provides information about long-term debt, which includes long-term debt (1), interest (2), operating leases (3), data processing and maintenance (4), and other contractual obligations (5).

Step 3: Calculate the percentage change.
Since there is no data available for cash flows from operations between 2014 and 2015, we cannot calculate a percentage change based on the given data.

Final Answer: The table does not provide enough information to calculate the percentage change in cash flows from operations from 2014 to 2015. Therefore, it is not possible to determine the correct answer with the given data.","subtract(1131, 1165), divide(#0, 1165)",0.0,-0.02918,True
51,"as of december 31 , 2010 , what was the ratio of collateral pledged to the bank by its derivatives counterparties to overnight and other short-term borrowings","To determine the ratio of collateral pledged to the bank by its derivatives counterparties to overnight and other short-term borrowings as of December 31, 2010, we need to follow these steps:

### Step 1: Identify the relevant information
The table provides the total amount of collateral pledged by each trust on December 31, 2010.

### Step 2: Extract the required data
We need the following columns for this analysis:
- Face Value
- Maturity Date
- Annual Interest Rate

### Step 3: Calculate the ratio
The ratio is calculated using the formula:
\[ \text{Ratio} = \frac{\text{Total Collateral Pledged}}{\text{Maturity Date}} \]

Let's plug in the values from the table:

1. **Face Value**: $5000
2. **Maturity Date**: 2031
3. **Annual Interest Rate**: 10.25%

Now, calculate the ratio:
\[ \text{Ratio} = \frac{5000}{2031} \approx 2.48 \]

### Final Answer:
As of December 31, 2010, the","divide(2.3, 0.5)",0.0,4.6,False
52,"what is the total value , in dollars , of the shares purchasable under the warrant?","To determine the total value of shares purchasable under warrants, we need to follow these steps:

### Step 1: Identify the Warrant Type
The given information shows that there are three types of warrants mentioned:
- Foreign Currency Translation
- Net Unrealized Loss on Hedges of Net Investments in Non-U.S. Subsidiaries
- Net Unrealized Loss on Available-for-Sale Securities

Since the question asks for the total value of shares purchasable under the warrant, we can assume it refers to the foreign currency translation.

### Step 2: Calculate the Value of Shares Purchased Under Foreign Currency Translation
From the table provided, we see that the foreign currency translation has a value of $281 million.

### Final Answer:
The total value of shares purchasable under the foreign currency translation is **$281 million**.","multiply(5576208, 53.80)",0.0,299999990.4,False
53,during 2008 what was the share price of the warrants exercised\\n,"To determine the share price of the warrants exercised during 2008, we need to follow these steps:

### Step 1: Identify Warrants Exercised During 2008
From the given table, we can see that 401362 warrants were exercised during 2008.

### Step 2: Determine the Exercise Price for Each Warrant
The exercise prices listed in the table are:
- $7.27 per share
- $7.27 per share
- $10.91 per share
- $10.91 per share
- $31.44 per share

### Step 3: Calculate the Total Cash Proceeds from Warrants Exercised
We know that the total cash proceeds from exercising 401362 warrants was $3.0 million.

### Step 4: Calculate the Average Exercise Price per Share
To find the average exercise price per share, we divide the total cash proceeds by the number of warrants exercised:
\[
\text{Average Exercise Price} = \frac{\text{Total Cash Proceeds}}{\text{Number of Warrants Exercised}}
\]
\[
\text{Average Exercise Price","divide(const_3, 401362)",0.0,1e-05,True
54,"what is the growth rate in net revenue for entergy mississippi , inc . in 2003?","To calculate the growth rate in net revenue for Entergy Mississippi Inc. in 2003, we need to follow these steps:

Step 1: Identify the net revenue values for both years.
- 2002 net revenue: $380.2 million
- 2003 net revenue: $426.6 million

Step 2: Calculate the difference between the two years' net revenues.
$426.6 million - $380.2 million = $46.4 million

Step 3: Divide the difference by the base year's net revenue value.
($46.4 million) / ($380.2 million) = 0.125

Step 4: Convert this decimal to a percentage by multiplying by 100.
0.125 * 100 = 12.5%

Therefore, the growth rate in net revenue for Entergy Mississippi Inc. in 2003 was 12.5%.

Final numerical answer: The growth rate in net revenue for Entergy Mississippi Inc. in 2003 was 12.5%.","subtract(426.6, 380.2), divide(#0, 380.2)",12.5,0.12204,False
55,what portion of the estimated purchase price is derived by the net tangible assets?,"To determine what portion of the estimated purchase price is derived by the net tangible assets, I'll follow these steps:

Step 1: Identify the total estimated purchase price.
The total estimated purchase price is given as $732,000.

Step 2: Look for the section that mentions ""net tangible assets"".
In the provided table, there's only one row with ""net tangible assets"".

Step 3: Extract the value associated with this section.
The value for ""net tangible assets"" is listed as $2800.

Step 4: Calculate the percentage of the total estimated purchase price that corresponds to this value.
To do this, we divide the value of ""net tangible assets"" by the total estimated purchase price and multiply by 100:
($2800 / $732,000) * 100 = 0.04 * 100 = 4%

Therefore, the portion of the estimated purchase price derived by the net tangible assets is 4%.

Final Answer: 4%","divide(2800, 73200)",4.0,0.03825,False
56,what was the percentage change in the weighted average fair value on the date of the award of the common stock,"To calculate the percentage change in the weighted-average grant-date fair value on the date of the award for common stock, we need to follow these steps:

Step 1: Identify the values for the date of the award.
The date of the award is December 31, 2017.

Step 2: Calculate the weighted-average grant-date fair value on that date.
From the table, we can see that the fair value on this date is $52.35.

Step 3: Determine the number of performance share awards granted on that date.
According to the table, there were 16,0196 performance share awards granted on December 31, 2017.

Step 4: Calculate the percentage change using the formula:
Percentage Change = [(New Value - Original Value) / Original Value] x 100

Step 5: Plug in the values into the formula:
Percentage Change = [($52.35 - $48.00) / $48.00] x 100
Percentage Change = ($4.35 / $48.00) x 100
Percentage Change ≈ 8.96%

Therefore,","subtract(63.43, 57.37), divide(#0, 57.37)",8.96,0.10563,False
57,in november 2005 what was the percent of the stock issue costs to the company proceeds,"To determine the percentage of the stock issuance costs to the company's proceeds for November 2005, we need to follow these steps:

### Step 1: Identify the relevant data from the table
From the given table, we can see that the ""stock issuance costs"" column shows the amount of money spent on issuing shares.

### Step 2: Determine the total proceeds for November 2005
The table provides the total future minimum sponsorship and other marketing payments for the year 2012 and subsequent years. However, since we're only interested in the portion related to November 2005, we'll focus on the payment made in December 2005.

The table shows:
- Payment in December 2005: $53584 thousand

### Step 3: Calculate the percentage of the stock issuance costs to the company's proceeds
We use the formula:
\[ \text{Percentage} = \left( \frac{\text{Stock Issuance Costs}}{\text{Total Proceeds}} \right) \times 100 \]

Substituting the values from our table:
\[ \text{Percentage} = \left( \frac{53584}{","divide(10.8, 112.7)",0.0,0.09583,True
58,what was the percentage change in the impact of the euro on earnings from 2010 to 2011?,"To calculate the percentage change in the impact of the euro on earnings from 2010 to 2011, we need to follow these steps:

Step 1: Identify the impact values for each year.
- 2010: €18.6
- 2011: €26.4
- 2012: €42.4

Step 2: Calculate the difference between the 2011 and 2010 impacts.
€26.4 - €18.6 = €7.8

Step 3: Divide this difference by the 2010 impact value.
€7.8 / €18.6 ≈ 0.42 (rounded to two decimal places)

Step 4: Multiply the result by 100 to convert it to a percentage.
0.42 * 100 = 42%

Therefore, the percentage change in the impact of the euro on earnings from 2010 to 2011 is approximately 42%.

Final Answer: The percentage change in the impact of the euro on earnings from 2010 to 2011 is ","subtract(26.4, 18.6), divide(#0, 18.6)",2011.0,0.41935,False
59,what was the average number of shares issued to employees from 2013 to 2015,"To calculate the average number of shares issued to employees over the years 2013 to 2015, we need to follow these steps:

Step 1: Identify the relevant data points.
- 2015: Aggregate intrinsic value of stock options exercised = $104 million
- 2014: Cash received from the exercise of stock options = $40 million
- 2013: Tax benefit realized from the exercise of stock options = $36 million

Step 2: Calculate the total number of shares issued.
Total shares issued = 2015 + 2014 + 2013 = 6038 million shares

Step 3: Determine the number of years between 2013 and 2015.
Years = 2015 - 2013 = 2 years

Step 4: Divide the total number of shares by the number of years to find the average.
Average shares per year = Total shares / Years = 6038 million shares / 2 years = 3019 million shares

Therefore, the average number of shares issued to employees from 2013 to ","add(411636, 439000)",2013.0,850636.0,False
60,what was the percentage change in receivables from brokers with in other current assets from 2009 to 2010?,"To calculate the percentage change in receivables from brokers for the year 2010 compared to 2009, we need to follow these steps:

Step 1: Identify the values for 2009 and 2010.
- 2009: Receivables from brokers = $11.2 million
- 2010: Receivables from brokers = $11.8 million

Step 2: Calculate the difference between the two years.
Difference = 2010 value - 2009 value = $11.8 million - $11.2 million = $0.6 million

Step 3: Divide the difference by the 2009 value.
Percentage change = ($0.6 million / $11.2 million) * 100%

Step 4: Perform the calculation.
Percentage change = ($0.6 / $11.2) * 100% ≈ 5.45%

Therefore, the percentage change in receivables from brokers from 2009 to 2010 is approximately 5.45%.

Final numerical answer: The percentage change in rece","subtract(11.2, 8.8), divide(#0, 8.8)",5.45,0.27273,False
61,in the adoption of the prospective method what was the ratio of the other comprehensive income to the net income reclassifying certain separate accounts to general account,"To determine the ratio of the other comprehensive income to the net income reclassifying certain separate accounts to general account in the adoption of the prospective method, we need to follow these steps:

### Step 1: Identify the relevant data from the table
From the given table, we can see the following information:
- Net Income: $-23 (23)
- Other Comprehensive Income: $2014
- Total Cumulative Effect of Adoption: $-23 (23)

### Step 2: Calculate the Ratio
The ratio is calculated as follows:
\[ \text{Ratio} = \frac{\text{Other Comprehensive Income}}{\text{Net Income Reclassifying Certain Separate Accounts to General Account}} \]

Substitute the values from the table into this formula:
\[ \text{Ratio} = \frac{2014}{-23} \]

### Step 3: Perform the Calculation
\[ \text{Ratio} = -87.6923 \]

### Final Answer:
The ratio of the other comprehensive income to the net income reclassifying certain separate accounts to general account in the adoption of the prospective method is approximately **-87.69**.","divide(294, 30)",-87.69,9.8,False
62,"assuming all options in the compensation plans approved by security holders were exercised , what would be the deemed proceeds to the company?","To determine the deemed proceeds from exercising options approved by security holders, we need to follow these steps:

### Step 1: Identify the Options Exercised
From the given data, we can see that there is one option exercised.

### Step 2: Determine the Weighted-Average Exercise Price
The weighted-average exercise price of the outstanding options is provided as $308.10.

### Step 3: Calculate the Number of Securities Remaining Available for Future Issuance
We also have information about the number of securities remaining available for future issuance under equity compensation plans approved by security holders. This value is given as 515,6223.

### Step 4: Calculate the Total Proceeds from Exercising All Options
Since only one option was exercised, the total proceeds from exercising all options will be equal to the weighted-average exercise price multiplied by the number of securities remaining available for future issuance.

\[ \text{Total Proceeds} = \text{Weighted-Average Exercise Price} \times \text{Number of Securities Remaining} \]

Substituting the values:

\[ \text{Total Proceeds} = \$308.10 \times 515,6223 \]

\[","multiply(1211143, 308.10)",5156223.0,373153158.3,False
63,what is the net change in aon 2019s unpaid restructuring liabilities during 2006?,"To determine the net change in unpaid restructuring liabilities for 2019 compared to 2006, we need to follow these steps:

### Step 1: Identify the relevant data points
- **Balance at January 1, 2005**: $2014
- **Expenses in 2005**: $141
- **Cash Payments in 2005**: -$23
- **Foreign Currency Revaluation**: -$2
- **Balance at December 31, 2005**: $116

- **Balance at January 1, 2006**: $134
- **Expenses in 2006**: $155
- **Cash Payments in 2006**: -$141
- **Foreign Currency Revaluation**: $4
- **Balance at December 31, 2006**: $63

### Step 2: Calculate the total expenses from 2005 to 2006
Total Expenses = Expenses in 2005 + Expenses in 2006
Total Expenses = $141 + $155 =","add(155, -141), add(#0, 4)",155.0,18.0,False
64,what are the nuclear realized price changes as a percentage of the decrease in net revenue from 2011 to 2012?,"To calculate the nuclear realized price changes as a percentage of the decrease in net revenue from 2011 to 2012, we need to follow these steps:

Step 1: Identify the nuclear realized price changes.
From the table, we can see that the nuclear realized price changes were -194 million.

Step 2: Calculate the total net revenue change from 2011 to 2012.
Net revenue in 2011 was $2045 million, and in 2012 it was $1854 million. The difference between these two values is:
$2045 - $1854 = $191 million

Step 3: Determine the percentage change in net revenue.
The percentage change is calculated using the formula:
(Change in Net Revenue / Original Net Revenue) x 100%
= ($191 / $2045) x 100%
≈ 9.37%

Therefore, the nuclear realized price changes as a percentage of the decrease in net revenue from 2011 to 2012 is approximately 9.37%.

Final numerical answer: 9.37%","subtract(2045, 1854), divide(194, #0)",9.37,1.01571,False
65,did compensation expense related to the company 2019s employee stock purchase plan grow from 2004 to 2005?,"To determine if compensation expense related to the company's employee stock purchase plan (ESPP) grew from 2004 to 2005, we need to analyze the information provided in the table:

1. **Risk-Free Interest Rate**: The risk-free interest rate for 2004 is given as 2.56%. This indicates that there were no changes in the risk-free interest rate between 2003 and 2004.

2. **Expected Dividend Yield**: For both 2004 and 2005, the expected dividend yield is 2014%, indicating that dividends were paid at a higher rate than the previous year.

3. **Option Term in Years**: The expected option term in years for 2004 is 5.3 years, while it is 7.5 years for 2005. This suggests that the ESPP terms have changed since 2004.

Given these points, let's calculate the growth factor for each year:

- **2004**: Risk-free interest rate = 2.56%
- **2005**: Risk-free interest rate = 2.92%

The growth factor for","greater(28000, 19000)",0.0,1.0,False
66,what percentage of the intangible assets is related to the license of the realtor.com ae trademark?,"To determine what percentage of the intangible assets is related to the license of the Real Estate Brokerage Association (REBA) trademark, we need to follow these steps:

### Step 1: Identify the Intangible Assets
The given information states that ""intangible assets"" include ""intangible assets."" This implies that all intangible assets are included.

### Step 2: Determine the Value of Intangible Assets
The total assets acquired for the company are listed as $1126 million. Since intangible assets are also part of this total, we can assume they represent a significant portion of the total intangible assets.

### Step 3: Calculate the Percentage
To find the percentage of intangible assets related to the REBA trademark, we use the following formula:
\[ \text{Percentage} = \left( \frac{\text{Value of intangible assets}}{\text{Total intangible assets}} \right) \times 100 \]

Substituting the values from the table:
\[ \text{Percentage} = \left( \frac{1126}{1126} \right) \times 100 \]
\[ \text{Percentage} = 1 \times 100 \","divide(116, 216)",100.0,0.53704,False
67,in 2012 what was the percent of the total amortized assets that was made of total securities available for sale,"To calculate the percentage of the total amortized assets that were made up of total securities available for sale in 2012, we need to follow these steps:

Step 1: Identify the total amortized assets for each year.
- December 31, 2012: $49447 million
- December 31, 2012: $51052 million
- December 31, 2012: $48609 million
- December 31, 2012: $48568 million

Step 2: Identify the total securities available for sale for each year.
- December 31, 2012: 10354 securities
- December 31, 2012: 10860 securities
- December 31, 2012: 12066 securities
- December 31, 2012: 12450 securities

Step 3: Calculate the total number of securities available for sale for all years combined.
Total securities available for sale = 10354 + 1","divide(49447, 59801)",1.0,0.82686,False
68,what is the annual interest cost savings by the company redeeming the 8.75% ( 8.75 % ) second priority senior secured notes?,"To determine the annual interest cost savings for redeeming the 8.75% second priority senior secured notes, we need to follow these steps:

### Step 1: Identify the Notes
The notes in question are listed in the ""redeemed"" column of the table.

### Step 2: Determine the Redemption Date
We need to find out when the redemption date falls within the given period from December 31, 2010, to December 31, 2014.

From the table:
- The redemption date for each year is listed in the ""redeemed"" column.
- We can see that the redemption dates for 2010, 2011, 2012, 2013, and 2014 fall between December 31, 2010, and December 31, 2014.

### Step 3: Calculate the Interest Savings
Since the notes have an annual coupon rate of 8.75%, we need to calculate the total interest saved over the years.

#### For 2010:
- Annual coupon rate = 8.75%
- Total interest saved = 8.75%","multiply(690, const_1000000), multiply(#0, 8.75%)",0.0,60375000.0,False
69,"commercial mortgage loans held for sale designated at fair value at december 31 , 2011 were what percent of total loans held for sale at december 31 , 2011?","To determine the percentage of commercial mortgage loans held for sale at December 31, 2011 that were designated at fair value, follow these steps:

Step 1: Identify the relevant data from the table.
- Commercial mortgages at fair value: $772 million
- Total commercial mortgages: $1392 million

Step 2: Calculate the ratio of fair value loans to total loans.
Fair value loans / Total loans = $772 / $1392 ≈ 0.55

Step 3: Convert this ratio to a percentage.
(0.55 * 100) % = 55%

Therefore, commercial mortgage loans held for sale designated at fair value at December 31, 2011 were approximately 55% of total loans held for sale at that date.

Final numerical answer: 55%","divide(843, 2936)",55.0,0.28713,False
70,in 2017 what was the percent of the total future estimated cash payments under existing contractual obligations associated with long-term debt that was due in 2018,"To determine the percentage of the total future estimated cash payments under existing contractual obligations associated with long-term debt that was due in 2018 for the year 2017, follow these steps:

Step 1: Identify the relevant data from the table.
The table shows the payments due by fiscal years for different types of contracts.

Step 2: Locate the row for 2017.
In this case, it's the ""payments due by fiscal year 2017"" row.

Step 3: Find the corresponding column for 2018.
This is the ""payments due by fiscal year 2018"" column.

Step 4: Look at the value in the ""Payments due by fiscal year 2018"" column for 2017.
For 2017, the payment amount is $604.2 million.

Step 5: Calculate the percentage.
The formula to calculate the percentage is:
\[ \text{Percentage} = \left( \frac{\text{Value}}{\text{Total Value}} \right) \times 100 \]

Substitute the values into the formula:
\[ \text{Percentage} = \left( \frac{","divide(604.2, 8290.6)",100.0,0.07288,False
71,what is the percentage change in the pre-tax pension and postretirement expense from 2017 to 2018?,"To calculate the percentage change in the pre-tax pension and post-retirement expense from 2017 to 2018, I'll follow these steps:

Step 1: Identify the relevant data points.
- 2017: Pre-tax pension plan expenses = 1.51%
- 2017: Post-retirement plan expenses = 3.79%

Step 2: Calculate the difference between the two years.
Difference = 2017 pre-tax pension plan expenses - 2017 post-retirement plan expenses
Difference = 1.51% - 3.79%
Difference = -2.28%

Step 3: Determine the sign of the difference.
The negative value indicates an increase.

Step 4: Convert the difference into a percentage.
Percentage change = (Difference / 2017) * 100
Percentage change = (-2.28%) / 2017 * 100
Percentage change ≈ -0.11%

Final Answer: The percentage change in the pre-tax pension and post-retirement expense from 2017 to 2018 was approximately -0.11%. This","subtract(164, 199), divide(#0, 199)",-0.11,-0.17588,True
72,what percentage of the outstanding options were from plans approved by security holders?,"To determine the percentage of outstanding options that were from plans approved by security holders, we need to follow these steps:

### Step 1: Identify the Outstanding Options
From the given table, we can see two columns representing outstanding options:
- Column A: Number of Securities to be Issued Upon Exercise of Outstanding Options (a)
- Column B: Weighted-Average Exercise Price of Outstanding Options (b)

The total number of outstanding options is 121,712.

### Step 2: Identify the Plans Approved by Security Holders
We need to look at the ""Equity Compensation Plans Approved by Security Holders"" row.
- The value in this cell is 121,114,300

### Step 3: Calculate the Percentage
To find the percentage of outstanding options that were from plans approved by security holders, we use the following formula:
\[ \text{Percentage} = \left( \frac{\text{Number of Outstanding Options Approved}}{\text{Total Outstanding Options}} \right) \times 100 \]

Substituting the values from our data:
\[ \text{Percentage} = \left( \frac{121,114,300}{1","divide(1211143, 1217121)",1.0,0.99509,True
73,what was the percent of the change in the stock price performance for hum from 2010 to 2011,"To calculate the percentage change in the stock price performance for Hum from 2010 to 2011, we need to follow these steps:

Step 1: Identify the stock prices for Hum and S&P 500.
Hum's stock price: $125
S&P 500's stock price: $115

Step 2: Calculate the difference between the two stock prices.
$125 - $115 = $10

Step 3: Divide the difference by the original stock price.
($10 / $125) * 100% = 8%

Therefore, the percent of the change in the stock price performance for Hum from 2010 to 2011 is 8%.

Final Answer: The percent of the change in the stock price performance for Hum from 2010 to 2011 is 8%.","subtract(201, 125), divide(#0, 125)",8.0,0.608,False
74,what was the five year change in the vornado realty trust index?,"To determine the five-year change in the Vornado Realty Trust Index, I'll follow these steps:

Step 1: Identify the relevant data from the table.
The Vornado Realty Trust has three years' worth of data for its index.

Step 2: Calculate the total value of the index over the three years.
| 2009 | 2010 | 2011 | 2012 | 2013 | 2014 |
| --- | --- | --- | --- | --- | --- |
| $100 | $123 | $118 | $128 | $147 | $201 |

Total value = $100 + $123 + $118 + $128 + $147 + $201 = $825

Step 3: Determine the percentage change.
Percentage change = [(Final Value - Initial Value) / Initial Value] x 100%
Percentage change = [($201 - $825) / $825] x 100% ≈ -40%

Therefore, the Vornado Realty Trust's index decreased by approximately","subtract(201, 100)",40.0,101.0,False
75,what was the percentage change in the weighted-average estimated fair value of employee stock options granted during from 2013 to 2014,"To calculate the percentage change in the weighted-average estimated fair value of employee stock options granted from 2013 to 2014, we need to follow these steps:

### Step 1: Identify the values for 2013 and 2014
- 2013: $9.52
- 2014: $11.02

### Step 2: Calculate the difference between 2014 and 2013
\[ \text{Difference} = \$11.02 - \$9.52 = \$1.50 \]

### Step 3: Determine the number of years between 2013 and 2014
\[ \text{Years} = 2014 - 2013 = 1 \]

### Step 4: Calculate the percentage change
The formula to calculate the percentage change is:
\[ \text{Percentage Change} = \left( \frac{\text{New Value} - \text{Old Value}}{\text{Old Value}} \right) \times 100\% \]

Substitute the values into the formula:
\[ \text{Percentage","divide(11.02, 9.52), divide(#0, 9.52)",100.0,0.12159,False
76,what was total miles of private crude oil pipelines and private refined products pipelines?,"To determine the total miles of private crude oil and refined products pipelines, we need to follow these steps:

### Step 1: Identify Private Pipelines
Private pipelines refer to those owned by individuals or companies that do not have public ownership.

### Step 2: Analyze the Data
From the given table, we can see two columns labeled ""private"" and ""public"". The ""private"" column shows whether a pipeline is owned by an individual or company.

### Step 3: Count Private Pipelines
Let's count the number of private pipelines:
- Crude oil trunk lines: 2008 = 1 row
- Refined products trunk lines: 2008 = 1 row

Total private pipelines = 1 + 1 = 2

### Step 4: Calculate Total Miles
The problem states that ""pipeline barrels handled (thousands of barrels per day) 2008 2007 2006."" This represents the total miles of private pipelines over the three years.
- For 2008: 2008 * 1405 = 28,140 thousand miles
- For 2007: 2007","add(176, 850)",0.0,1026.0,False
77,what is the change in fair value of financial market instruments as part of the hedging strategy during 2010?,"To determine the change in fair value of financial market instruments as part of the hedging strategy during 2010, I'll follow these steps:

Step 1: Identify the relevant data from the table.
The table shows the percentage of living benefit account values for different years.

Step 2: Calculate the difference between the highest and lowest percentages.
For 2010, the highest percentage was 1%, and the lowest was 0%.

Step 3: Determine if this represents an increase or decrease.
Since the highest percentage is higher than the lowest percentage, there is no net change in fair value.

Final Answer: There is no change in fair value of financial market instruments as part of the hedging strategy during 2010. The highest percentage of living benefit account values in 2010 was 1%, while the lowest was 0%. This indicates no net change in fair value.","subtract(21, 47)",0.0,-26.0,False
78,"in millions for the fourth quarters of 2017 and 2016 , what was the total tier 1 capital?","To determine the total Tier 1 Capital for the four quarters of 2017 and 2016, I'll follow these steps:

Step 1: Identify the relevant data in the table.
The table shows Tier 1 Capital values for two specific periods: ""for the three months ended or as of December 2017"" and ""for the three months ended or as of December 2016"".

Step 2: Locate the corresponding values for each quarter.
For the first period (December 2017):
Tier 1 Capital = $78227 million

For the second period (December 2016):
Tier 1 Capital = $81808 million

Step 3: Calculate the total Tier 1 Capital for both quarters.
Total Tier 1 Capital = $78227 + $81808 = $150035 million

Therefore, the total Tier 1 Capital for the four quarters of 2017 and 2016 is $150,035 million.

Final Answer: The total Tier 1 Capital for the four quarters of 2017 and 2016 is","add(78227, 81808)",2016.0,160035.0,False
79,the five year total return for the period ending 12/31/2012 on ball corporation stock was how much greater than the same return on the s&p 500?,"To determine the difference in five-year total returns between Ball Corporation's stock and S&P 500 stock, we need to follow these steps:

### Step 1: Calculate the Five-Year Total Return for Ball Corporation Stock

The formula for calculating the five-year total return is:
\[ \text{Total Return} = \left( \frac{\text{Ending Value}}{\text{Beginning Value}} \right)^{\frac{1}{\text{Number of Years}}} - 1 \]

For Ball Corporation:
- Beginning Value = $100.00
- Ending Value = $164.09
- Number of Years = 5

\[ \text{Five-Year Total Return for Ball Corporation} = \left( \frac{164.09}{100.00} \right)^{\frac{1}{5}} - 1 \]
\[ \text{Five-Year Total Return for Ball Corporation} = (1.6409)^{0.2} - 1 \]
\[ \text{Five-Year Total Return for Ball Corporation} = 1.0000 - 1 \]
\[ \text{Five-Year Total Return for Ball Corporation} = ","divide(207.62, 97.13)",1.0,2.13755,False
80,the five year total return for the period ending 12/31/2012 on ball corporation stock was how much greater than the same return on the dj us containers & packaging index?,"To determine the difference in five-year total returns between Ball Corporation stock and the S&P 500 index, we need to follow these steps:

### Step 1: Calculate the Five-Year Total Return for Ball Corporation Stock

The formula for calculating the five-year total return is:
\[ \text{Total Return} = \left( \frac{\text{Ending Value}}{\text{Beginning Value}} \right)^{\frac{1}{\text{Number of Years}}} - 1 \]

For Ball Corporation:
- Beginning Value = $100.00
- Ending Value = $207.62
- Number of Years = 5

\[ \text{Five-Year Total Return} = \left( \frac{207.62}{100.00} \right)^{\frac{1}{5}} - 1 \]
\[ \text{Five-Year Total Return} = (2.0762)^{0.2} - 1 \]
\[ \text{Five-Year Total Return} = 1.054 - 1 \]
\[ \text{Five-Year Total Return} = 0.054 \]
\[ \text{Five-Year","subtract(207.62, 97.13)",0.054,110.49,False
81,"as of december 31 , 2007 , how much unrecognized compensation cost related to restricted stock awards is expected to be recognized in 1 year , in millions?","To determine the unrecognized compensation cost related to restricted stock awards as of December 31, 2007, we need to follow these steps:

### Step 1: Identify the relevant data for 2007
- Unvested at December 31, 2005: 474,000
- Unvested at December 31, 2006: 474,000
- Unvested at December 31, 2007: 2013

### Step 2: Calculate the total unvested shares as of December 31, 2007
Total unvested shares = 474,000 + 474,000 + 2013 = 941,000

### Step 3: Determine the number of restricted stock awards granted in 2007
Restricted stock awards granted in 2007 = 2013

### Step 4: Calculate the unrecognized compensation cost for 2007
Unrecognized compensation cost = Total unvested shares * Number of restricted stock awards
Unrecognized","divide(37, 1.4)",2007.0,26.42857,False
82,what was the ratio of the purchase in december 2012 to the purchase in january 2013,"To calculate the ratio of the purchase in December 2012 to the purchase in January 2013, I'll follow these steps:

Step 1: Identify the purchase amounts for each month.
December 2012: 102,400 shares
January 2013: 275,240 shares

Step 2: Calculate the ratio by dividing the December purchase amount by the January purchase amount.
Ratio = December purchase / January purchase
   = 102,400 / 275,240

Step 3: Simplify the fraction if possible.
The greatest common divisor (GCD) of 102,400 and 275,240 is 12, so we can simplify the fraction.

Step 4: Perform the division.
102,400 ÷ 275,240 = 0.3999...

Therefore, the ratio of the purchase in December 2012 to the purchase in January 2013 is approximately 0.40.

Final numerical answer: The ratio is approximately 0.40.","divide(102400, 15790)",0.4,6.48512,False
83,what percentage of the company's gross liabilities are classified as other long-term liabilities in the accompanying consolidated balance sheets in 2012?,"To determine what percentage of the company's gross liabilities are classified as ""other long-term liabilities"" in 2012, we need to follow these steps:

### Step 1: Identify the relevant information from the given data

From the provided table, we can see the following information about the company's gross liabilities:

- **Balance at December 31, 2011**: $158,578
- **Balance at December 31, 2012**: $180,993

### Step 2: Determine the total number of gross liabilities

The total number of gross liabilities is calculated by adding the balances from both periods:

\[ \text{Total Gross Liabilities} = \$158,578 + \$180,993 = \$339,571 \]

### Step 3: Identify the relevant information for 2012

For 2012, the table shows:

- **Balance at December 31, 2012**: $180,993

### Step 4: Calculate the percentage of gross liabilities classified as ""other long-term liabilities""

We use the formula for calculating","divide(74360, 180993)",4.0,0.41084,False
84,what was the percentage change in the cash dividends paid per common share from 2006 to 2007,"To calculate the percentage change in the cash dividends paid per common share from 2006 to 2007, we need to follow these steps:

Step 1: Identify the cash dividends paid per common share for both years.
- 2006: $1.08 million
- 2007: $1.11 million

Step 2: Calculate the difference between the two years.
$1.11 million - $1.08 million = $0.03 million

Step 3: Divide the difference by the 2006 value.
$0.03 million / $1.08 million = 0.027777...

Step 4: Multiply the result by 100 to convert it to a percentage.
0.027777... * 100 = 2.7777%

Therefore, the percentage change in the cash dividends paid per common share from 2006 to 2007 is approximately 2.78%.

Final Answer: The percentage change in the cash dividends paid per common share from 2006 to 2007 is approximately 2.","add(1.11, 1.08), divide(#0, 1.08)",2.0,2.02778,True
85,what percentage of future minimum rental payments are due after 2020?,"To determine what percentage of future minimum rental payments are due after 2020, we need to follow these steps:

### Step 1: Identify the Future Minimum Rental Payments
From the table provided, we can see that the ""Future minimum rental payments"" column shows the following values:
- 2020: $226 million
- 2021 onwards: $1160 million

### Step 2: Calculate the Percentage Due After 2020
The percentage of future minimum rental payments due after 2020 is calculated using the formula:
\[ \text{Percentage} = \left( \frac{\text{Future Payment}}{\text{Current Payment}} \right) \times 100 \]

Substituting the given values:
\[ \text{Percentage} = \left( \frac{1160}{226} \right) \times 100 \]
\[ \text{Percentage} = 5.24 \times 100 \]
\[ \text{Percentage} = 524\% \]

Therefore, the percentage of future minimum rental payments due after 2020 is **524%**","divide(1160, 2575)",524.0,0.45049,False
86,what is the roi of an investment in ups from 2008 to 2009?,"To calculate the Return on Investment (ROI) for an investment in UPS from 2008 to 2009, we need to follow these steps:

Step 1: Identify the initial investment date.
The initial investment date is December 31, 2008.

Step 2: Calculate the number of quarters between 2008 and 2009.
From 2008 to 2009 is one full year, so there are 12 quarters.

Step 3: Determine the quarterly returns.
We can use the given data points to find the quarterly returns:
- 2008: $80.20
- 2009: $86.42

Step 4: Calculate the ROI using the formula:
\[ \text{ROI} = \frac{\text{Final Value}}{\text{Initial Value}} - 1 \]

Where:
- Final Value = 2009 value
- Initial Value = 2008 value

\[ \text{ROI} = \frac{86.42}{80.20} - 1 \]
\[ \text{ROI} = 1.0","subtract(86.42, 80.20), divide(#0, 80.20)",1.0,0.07756,False
87,what is the average share price for the shares issued to employees in 2015 in u.k.?,"To calculate the average share price for the shares issued to employees in 2015 in the UK, we need to follow these steps:

Step 1: Identify the relevant data from the table.
- The table shows aggregate intrinsic value of stock options exercised for each year.
- We need the values for 2015, 2014, and 2013.

Step 2: Calculate the total value of stock options exercised over the three years.
Total value = 2015 + 2014 + 2013

Step 3: Divide the total value by the number of years (which is 3) to get the average value per year.

Let's do the calculations:

Step 1: Total value
Total value = $104 + $61 + $73 = $238 million

Step 2 & 3: Average value per year
Average value per year = Total value / Number of years
Average value per year = $238 / 3 ≈ $79.33 million

Therefore, the average share price for the shares issued to employees in 2015 in the UK is approximately $79.33","multiply(2, const_1000000), divide(#0, 2779)",79.33,719.68334,False
88,by how much more is the net gains from sales of available-for-sale securities in 2009 compare to 2008?,"To determine by how much more the net gains from sales of available-for-sale securities in 2009 compared to 2008, I'll follow these steps:

Step 1: Identify the relevant data for 2009 and 2008.
- 2009: Net unrealized loss on available-for-sale securities = -1636 million
- 2008: Net unrealized loss on available-for-sale securities = -5205 million

Step 2: Calculate the difference between the two years.
- Difference = 2009 value - 2008 value
- Difference = -1636 - (-5205)
- Difference = -1636 + 5205
- Difference = 3569 million

Therefore, the net gains from sales of available-for-sale securities in 2009 were 3569 million greater than those in 2008.

Final numerical answer: 3569 million","subtract(368, 68)",3569.0,300.0,False
89,"as of december 31 , 2018 what was the percentage decline in the allowance for doubtful accounts","To calculate the percentage decline in the allowance for doubtful accounts from December 31, 2017 to December 31, 2018, we need to follow these steps:

Step 1: Identify the balance at the end of each year.
- Balance at the end of 2017: $44.0
- Balance at the end of 2018: $34.3

Step 2: Calculate the difference between the two balances.
$34.3 - $44.0 = -$9.7

Step 3: Determine the absolute value of the difference.
|-9.7| = 9.7

Step 4: Divide the absolute value by the original balance at the end of 2017.
9.7 / 44.0 ≈ 0.21

Step 5: Convert this ratio to a percentage by multiplying by 100.
0.21 * 100 = 21%

Therefore, as of December 31, 2018, the allowance for doubtful accounts had a percentage decline of approximately 21%.

Final numerical answer: 21%","subtract(34.3, 38.9), divide(#0, 38.9)",21.0,-0.11825,False
90,what percentage of total number of shares purchased were repurchased in open-market transactions?,"To determine the percentage of total number of shares purchased that were repurchased in open-market transactions, we need to follow these steps:

### Step 1: Identify Repurchase Transactions
The table shows two types of repurchase transactions:
- Open-market repurchases
- Publicly announced plans or programs

Since the question asks for repurchases made ""open market,"" we should focus on those.

### Step 2: Count Total Number of Shares Purchased
From the table, we can see that the total number of shares purchased is 45,686.

### Step 3: Count Open-Market Repurchases
Looking at the table, there are no entries labeled ""Open-market repurchases"" or similar terms. This suggests that all repurchases were public announcements or planned.

### Step 4: Calculate Percentage
Since all repurchases were public announcements, the percentage of total number of shares purchased that were repurchased in open-market transactions is 0%.

Final Answer: 0%","divide(42749, 45686)",0.0,0.93571,False
91,brazilian paper sales represented what percentage of printing papers in 2006?,"To determine what percentage Brazilian paper sales represented of printing papers in 2006, we need to follow these steps:

Step 1: Identify the Brazilian paper sales value for 2006.
Brazilian paper sales in 2006 = $6930 million

Step 2: Identify the total printing papers sales value for 2006.
Total printing papers sales in 2006 = $7135 million

Step 3: Calculate the ratio of Brazilian paper sales to printing papers sales.
Ratio = Brazilian paper sales / Total printing papers sales
   = $6930 / $7135

Step 4: Simplify the ratio.
The simplified ratio is approximately 0.96 (or 96%)

Therefore, Brazilian paper sales represented approximately 96% of printing papers in 2006.

Final numerical answer: 96%","divide(496, 6930)",96.0,0.07157,False
92,"considering the years 2014-2016 , what is the average operating income?","To calculate the average operating income for the years 2014-2016, I'll follow these steps:

Step 1: Identify the operating income values for each year.
For 2014: $808.4
For 2015: $895.2
For 2016: $762.6

Step 2: Sum up all the operating incomes.
$808.4 + $895.2 + $762.6 = $2,466.2

Step 3: Count the number of years considered.
There are three years (2014, 2015, and 2016).

Step 4: Divide the total sum by the number of years to find the average.
Average operating income = Total sum / Number of years
Average operating income = $2,466.2 / 3
Average operating income = $822.07

Therefore, the average operating income for the years 2014-2016 is $822.07.

Final numerical answer: The average operating income for the years 201","table_average(operating income, none)",201.0,822.06667,False
93,"what is the net effect of the cumulative effect adjustments , net of income tax effects , to beginning retained earnings for new accounting standards adopted by cadence on the retained earnings balance as adjusted for december 30 , 2017 , in thousands?","To determine the net effect of the cumulative effect adjustments, net of income tax effects, to beginning retained earnings for new accounting standards adopted by Cadence on December 30, 2017, we need to follow these steps:

### Step 1: Identify the Cumulative Effect Adjustments
The table shows cumulative effect adjustments for revenue from contracts with customers, financial instruments 2014 overall, and income taxes.

### Step 2: Calculate the Net Income
Given that net income for December 29, 2018 was $345,777, we can calculate the net income for December 30, 2017 using the formula:
\[ \text{Net Income} = \text{Revenue} + \text{Income Tax} - \text{Financial Instruments} \]

From the table:
- Revenue from contracts with customers: $91,640
- Financial Instruments 2014 overall: $263,800

So,
\[ \text{Net Income} = \$91,640 + \$263,800 - \$263,800 = \$91,640 \]

###","subtract(426932, 341003)",91640.0,85929.0,False
94,what is the rate of return in cadence design systems inc . of an investment from 2010 to 2011?,"To calculate the rate of return for Cadence Design Systems Inc., we need to follow these steps:

Step 1: Identify the initial value (PV) and the final value (FV).
The initial value (PV) is $100.00 at the end of 2010.
The final value (FV) is $314.36 at the end of 2011.

Step 2: Calculate the change in value (ΔP).
ΔP = FV - PV
ΔP = $314.36 - $100.00
ΔP = $214.36

Step 3: Determine the number of periods (n).
The time period between 2010 and 2011 is 1 year.

Step 4: Use the formula for compound interest to find the rate of return (r).
r = (ΔP / PV)^(1/n) - 1
r = ($214.36 / $100.00)^(1/1) - 1
r = (2.1436)^1 - 1
r = 2.143","subtract(137.90, const_100), divide(#0, const_100)",2.143,0.379,False
95,"counting indirect shares , how many shares would arthur d . levinson own in total?","To determine how many shares Arthur D. Levinson owns indirectly through his beneficial ownership, we need to follow these steps:

### Step 1: Identify Arthur D. Levinson's Beneficial Ownership
From the table, we can see that Arthur D. Levinson is listed with a beneficial ownership percentage of -12%.

### Step 2: Determine Indirect Shares
The formula for calculating indirect shares is:
\[ \text{Indirect Shares} = (\text{Beneficial Ownership Percentage}) \times (\text{Number of Beneficial Owners}) \]

Given:
- Beneficial Ownership Percentage: -12%
- Number of Beneficial Owners: 1

Plugging in the values:
\[ \text{Indirect Shares} = (-12\%) \times 1 = -12\% \]

### Step 3: Convert to Decimal Form
Since percentages are typically expressed as decimals:
\[ -12\% = -0.12 \]

### Final Answer:
Arthur D. Levinson would own **-0.12** (or -12%) of the company's common stock.

This negative value indicates that he does not directly own any shares; instead, he holds an indirect stake in the company.","add(362400, 2000)",0.0,364400.0,False
96,what is the return on investment for s&p500 from 2004 to 2006?,"To calculate the return on investment for the S&P 500 from 2004 to 2006, we need to follow these steps:

Step 1: Identify the values for each year.
- 2004: 100.00
- 2005: 135.92
- 2006: 179.47
- 2007: 219.01
- 2008: 123.70
- 2009: 160.62

Step 2: Calculate the average of these values.
(100 + 135.92 + 179.47 + 219.01 + 123.70 + 160.62) / 6 ≈ 150.00

Therefore, the average return on investment for the S&P 500 from 2004 to 2006 is approximately 150%.

Final numerical answer: The return on investment for the S&P 500 from ","subtract(121.48, const_100), divide(#0, const_100)",500.0,0.2148,False
97,what is the amount of credit lines that has been drawn in millions as of year-end 2016?,"To determine the amount of credit lines drawn in millions as of year-end 2016, I'll follow these steps:

Step 1: Identify the relevant information from the table.
The table shows ""Total"" for each category (notes payable, commercial paper, long-term debt, capital lease obligations, operating leases, and interest).

Step 2: Look for the row labeled ""Total"".
This row contains the total amounts for all categories.

Step 3: Find the value in the ""Total"" column for the year-end 2016.
In this case, it's listed as $4968 million.

Therefore, the amount of credit lines drawn in millions as of year-end 2016 is $4968 million.

Final numerical answer: $4968","subtract(746, 554)",0.0,192.0,False
98,what is the percentage decrease in receivables from the money pool from 2010 to 2011?,"To calculate the percentage decrease in receivables from the money pool from 2010 to 2011, we need to follow these steps:

Step 1: Identify the values for both years.
- 2010: Receivables from the money pool = $501,310,000
- 2011: Receivables from the money pool = $630,030,000

Step 2: Calculate the difference between the two years.
Difference = 2011 value - 2010 value = $630,030,000 - $501,310,000 = $128,720,000

Step 3: Divide the difference by the 2010 value.
Percentage decrease = ($128,720,000 / $501,310,000) * 100%

Step 4: Simplify the fraction.
Percentage decrease ≈ 0.25% (rounded to one decimal place)

Final numerical answer:
The percentage decrease in receivables from","subtract(23596, 63003), divide(#0, 63003)",0.25,-0.62548,False
99,what is awk's 2012 unrecognized tax benefit as a percentage of gross liabilities?,"To calculate Awk's 2012 unrecognized tax benefit as a percentage of gross liabilities, we need to follow these steps:

Step 1: Identify Awk's 2012 unrecognized tax benefit.
From the given table, we can see that Awk's 2012 unrecognized tax benefit was $18,099.

Step 2: Identify Awk's gross liabilities for 2012.
From the table, we can see that Awk's gross liabilities were $15,857.

Step 3: Calculate Awk's unrecognized tax benefit as a percentage of gross liabilities.
Unrecognized tax benefit = Gross liabilities / Unrecognized tax benefit
Unrecognized tax benefit = $15,857 / $18,099

Step 4: Perform the calculation.
Unrecognized tax benefit ≈ 0.85

Therefore, Awk's 2012 unrecognized tax benefit as a percentage of gross liabilities is approximately 85%.

Final numerical answer: 85%","divide(7532, 180993)",85.0,0.04161,False
